CREATE TABLE CITY
(
                      ID varchar(2) NOT NULL PRIMARY KEY,        
		              NAME varchar(30),
					  CITY_CODE varchar(2),
					  X char,
					  Y char

);
CREATE TABLE DISTRICT
(
                      ID varchar(2) NOT NULL PRIMARY KEY,        
		              NAME varchar(50),
					  CITY_ID varchar(2) FOREIGN KEY REFERENCES CITY(ID),
					  X char,
					  Y char

);
CREATE TABLE NEIGHBORHOOD
(
                      ID varchar(3) NOT NULL PRIMARY KEY,        
		              NAME nvarchar(50),
					  DISTRICT_ID varchar(2) FOREIGN KEY REFERENCES DISTRICT(ID),
					  X char,
					  Y char

);

CREATE TABLE ADDRESS
(
                      ID varchar(3) NOT NULL PRIMARY KEY,        
		              NAME varchar(150),
					  NEIGHBORHOOD_ID varchar(3) FOREIGN KEY REFERENCES NEIGHBORHOOD(ID),
					  X char,
					  Y char

);
CREATE TABLE TELEPHONE
(
                      ID varchar(3) NOT NULL PRIMARY KEY,        
		              PHONE varchar(30),
					  
);


   CREATE TABLE HOSPITAL
(
                      ID varchar(3) NOT NULL PRIMARY KEY,        
		              NAME varchar(150),
					  ADDRESS_ID varchar(3) FOREIGN KEY REFERENCES ADDRESS(ID),
					  X char,
					  Y char
     );
	 CREATE TABLE HOSPITAL_TELEPHONE
(
                      PHONE_ID varchar(3) FOREIGN KEY REFERENCES TELEPHONE(ID),      
		            HOSPITAL_ID varchar(3) FOREIGN KEY REFERENCES HOSPITAL(ID),
					  
);


INSERT INTO CITY(ID, NAME, CITY_CODE) VALUES
(1, 'ÝSTANBUL', 34),
(2, 'ANKARA', 6),
(3, 'ÝZMÝR', 35);

INSERT INTO DISTRICT (ID, NAME, CITY_ID) VALUES
('1','Balgat','2'),
('2','Batýkent','2'),
('3','Çankaya','2'), --ankara
('4','Çukurambar','2'),
('5','Dikmen','2'),
('6','Etimesgut','2'),
('7','Gölbaþý','2'),
('8','KahramanKazan','2'),
('9','Keçiören','2'),
('10','Mamak','2'),
('11','Polatlý','2'),
('12','Sincan','2'),
('13','Ulus','2'),
('14','Yenimahalle','2'),

('15','Aliaða','3'),--izmir
('16','Balçova','3'),
('17','Bayraklý','3'),
('18','Bergama','3'),
('19','Bornova','3'),
('20','Karabaðlar','3'),
('21','Karþýyaka','3'),
('22','Konak','3'),
('23','Menderes','3'),
('24','Narlýdere','3'),
('25','Ödemiþ','3'),
('26','Selçuk','3'),
('27','Urla','3'),

('28','Arnavutköy','1'),--istanbul
('29','Ataþehir','1'),
('30','Avcýlar','1'),
('31','Baðcýlar','1'),
('32','Bahçelievler','1'),
('33','Bakýrköy','1'),
('34','Bayrampaþa','1'),
('35','Beþiktaþ','1'),
('36','Beykoz','1'),
('37','Beylikdüzü','1'),
('38','Beyoðlu','1'),
('39','Büyükçekmece','1'),
('40','Esenler','1'),
('41','Esenyurt','1'),
('42','Eyüpsultan','1'),
('43','Fatih','1'),
('44','Gaziosmanpaþa','1'),
('45','Güngören','1'),
('46','Kadýköy','1'),
('47','Kaðýthane','1'),
('48','Kartal','1'),
('49','Küçükçekmece','1'),
('50','Maltepe','1'),
('51','Pendik','1'),
('52','Sancaktepe','1'),
('53','Sarýyer','1'),
('54','Silivri','1'),
('55','Sultanbeyli','1'),
('56','Sultangazi','1'),
('57','Þiþli','1'),
('58','Tuzla','1'),
('59','Ümraniye','1'),
('60','Üsküdar','1'),
('61','Zeytinburnu','1')
;
INSERT INTO NEIGHBORHOOD (ID, NAME, DISTRICT_ID) VALUES -- sokak isimleri alýnmalý mý?

('1','Akþamsettin','12'), -- ankara --var
('2','Andiçen','12'),--var
('3','Balgat','3'),
('4','Balgat','1'),
('5','Barbaros','3'),
('6','Birlik','3'),--var
('7','Bitik Köyü ','8'),
('8','Büklüm','3'),
('9','Çayyolu','3'), --var
('10','Çayyolu','3'),
('11','Elvan','6'),--var
('12','Etlik','9'),
('13','EskiþehiryoluKýzýlýrmak','3'),--var
('14','Gayret','14'), --var
('15','Ýnönü','14'),--var
('16','Kalaba','9'), --var
('17','Kavaklýdere','3'),
('18','Kavaklýdere','3'),
('19','Kavaklýdere','3'),
('20','Kavaklýdere','3'),
('21','Kavaklýdere','3'),
('22','Kavaklýdere','3'),
('23','Keçiören','9'),
('24','Kentkoop','2'), --var
('25','Kýzýlcaþar','7'), --var
('26','Kýzýlcaþar','7'),
('27','Kýzýlýrmak','4'),--var
('28','Maltepe','3'),
('29','Naci Çakýr','5'), --var
('30','Remzi Oðuz Arýk','3'),
('31','Sakarya','13'),
('32','Söðütözü','3'), --var
('33','Þehit Osmanavcý','6'),--var
('34','Tuzluçayýr','10'), --var
('35','Yeni Mahalle','11'),
('36','Yukarý Dikmen','3'),--var
('37','Kurtuluþ','15'),--izmir --var
('38','Balçova','16'),
('39','Mansuroðlu','17'),--var
('40','Mansuroðlu','17'),--var
('41','Mansuroðlu','17'),--var
('42','Maltepe','18'),--var
('43','Kazýmdirik','19'),--var
('44','Karabaðlar','20'),
('45','Göztepe','20'),--var
('46','Karþýyaka','21'),
('47','Karþýyaka','21'),
('48','Karþýyaka','21'),
('49','Yalý','21'),--var
('50','Alsancak','22'),
('51','Alsancak','22'),
('52','Mimar Sinan','22'),--var
('53','Alsancak','22'),
('54','Altýntaþ','22'),--var
('55','Alsancak','22'),
('56','Kültür','22'),--var
('57','Alsancak','22'),
('58','Alsancak','22'),
('59','Kültür','22'),--var
('60','Kültür','22'),--var
('61','Alsancak','22'),
('62','Kültür','22'),--var
('63','Alsancak','22'),
('64','Alsancak','22'),
('65','Çamönü Köyü','23'),
('66','Ilýca','24'),--var
('67','Zafer','25'),--var
('68','Selçuk','26'),
('69','Kalabak','27'),--var
('70','Hacý Ýsa','27'),--var
('71','Yenikent','27'),--var
('72','Arnavutköy Merkez','28'),--istanbul var
('73','Küçükbakkalköy','29'),
('74','Ferhatpaþa','29'),
('75','Küçükbakkalköy','29'),
('76','Ýçerenköy','29'),
('77','Küçükbakkalköy','29'),
('78','Küçükbakkalköy','29'),
('79','Mustafa Kemal Paþa','30'),
('80','Gümüþpala','30'),
('81','	Ambarlý','30'),
('82','Merkez','30'),
('83','Fevzi Çakmak','31'),
('84','Güneþli','31'),
('85','100.Yýl','31'),
('86','Yavuz Selim','31'),
('87','Barbaros','31'),
('88','Baðcýlar','31'),--yok
('89','Sancaktepe','31'),
('90','Yýldýztepe','31'),
('91','Sancaktepe','31'),
('92','Osmaniye','32'),--yok
('93','Koca Sinan','32'),
('94','Bahçelievler','32'),
('95','Hürriyet','32'),
('96','Yenibosna','32'),
('97','Bahçelievler','32'),--yok
('98','Bahçelievler','32'),
('99','Bahçelievler','32'),
('100','Bahçelievler','32'),--yok
('101','Bahçelievler','32'),--yok
('102','Bahçelievler','32'),
('103','Yeni Bosna Çeþme','32'),
('104','Bahçelievler','32'),
('105','Bahçelievler','32'),
('106','Yeni Bosna Zafer','32'),
('107','Zeytinlik','33'),
('108','Bakýrköy','33'),--yok
('109','Yeþilköy','33'),
('110','Bakýrköy','33'),--yok
('111','Bakýrköy','33'),--yok
('112','Bakýrköy','33'),--yok
('113','Bayrampaþa','34'),--yok
('114','Terazidere','34'),
('115','Terazidere','34'),
('116','Yenidoðan','34'),
('117','Dikilitaþ','35'),
('118','Beþiktaþ','35'),--yok
('119','Etiler','35'),
('120','Levent','35'),
('121','Etiler','35'),
('122','Gayrettepe','35'),
('123','OrtaKöy','35'),
('124','Muradiye','35'),
('125','Çubuklu','36'),
('126','Gürpýnar Adnan Kahveci','37'),
('127','Beylikdüzü','37'),--yok
('128','Yakuplu','37'),
('129','Cumhuriyet','37'),
('130','Büyükþehir','37'),
('131','Arap Camii','38'),
('132','Beyoðlu','38'),--yok
('133','Piyalepaþa','38'),
('134','Fatih','39'),
('135','Menderes','40'),  
('136','Atýþalaný Birlik','40'),
('137','Menderes','40'),
('138','Sonevler','41'),--yok
('139','Merkez','41'),
('140','Mevlana','41'),
('141','Yeþilkent','41'),
('142','Karadolap','42'),
('143','Alibeyköy','42'),
('144','Aksaray','43'),
('145','Fatih','43'),--yok
('146','Denizabdal','43'),
('147','Denizabdal','43'),
('148','Aksaray','43'),
('149','Aksaray','43'),
('150','Aksaray','43'),
('151','Aksaray','43'),
('152','Aksaray','43'),
('153','Yeni','44'),
('154','Fevzi Çakmak','44'),
('155','Merkez','44'),
('156','Yeni','44'),
('157','Gaziosmanpaþa','44'),
('158','Gaziosmanpaþa','44'),
('159','Gaziosmanpaþa','44'),
('160','Merkez','44'),
('161','Karadeniz','44'),
('162','Gaziosmanpaþa','44'),--yok
('163','Merkez','44'),
('164','Güngören','45'),
('165','Güngören','45'),
('166','Abdurrahman Nafiz Gürman','45'),
('167','Haznedar','45'),
('168','Acýbadem','46'),
('169','19 Mayýs','46'),
('170','19 Mayýs','46'),
('171','Hasanpaþa','46'),
('172','Acýbadem','46'),
('173','Merdivenköy','46'),
('174','Mecidiyeköy','46'),
('175','19 Mayýs','46'),
('176','19 Mayýs','46'),
('177','Kadýköy','46'),--yok
('178','Merdivenköy','46'),
('179','Zühtüpaþa','46'),
('180','19 Mayýs','46'),
('181','Gültepe','47'),
('182','Merkez','47'),
('183','Kaðýthane','47'),--yok
('184','Atalar','48'),--yok kartal
('185','Petrol Ýþ','48'),
('186','Orta','48'),
('187','Atalar','48'),
('188','Kartal','48'),
('189','Yukarý','48'),
('190','Atakent','49'),
('191','Mehmet Akif','49'),
('192','Ýkitelli','49'),
('193','Cennet','49'),
('194','Küçükçekmece','49'),--yok
('195','Merkez','49'),
('196','Atakent','49'),
('197','Tevfikbey','49'),
('198','Ýdealtepe','50'),
('199','Cevizli','50'),
('200','Baðlarbaþý','50'),
('201','Altayçeþme','50'),
('202','Cevizli','50'),
('203','Yeniþehir','51'),
('204','Ahmet Yesevi','51'),
('205','Ahmet Yesevi','51'),
('206','Doðu','51'),
('207','Doðu','51'),
('208','Doðu','51'),
('209','Bahçelievler','51'),
('210','Fevzi Çakmak','51'),
('211','ÜstKaynarca Fevzi Çakmak','51'),
('212','Meclis','52'),
('213','Sarýgazi','52'),
('214','Darüþþafaka','53'),
('215','Piri Mehmet Paþa','54'),
('216','Alibey','54'),
('217','Mimar Sinan Silivri','54'),
('218','Mehmet Akif','55'),
('219','Abdurrahmangazi','55'),
('220','Gaziosmanpaþa','56'),--yok
('221','Gazi','56'),
('222','Uður Mumcu','56'),
('223','Kaptan Paþa','57'),
('224','19 Mayýs','57'),
('225','Ýnönü','57'),
('226','Fulya','57'),
('227','19 Mayýs','57'),
('228','19 Mayýs','57'),
('229','Teþvikiye','57'),
('230','19 Mayýs','57'),
('231','Fulya','57'),
('232','Mecidiyeköy','57'),--yok
('233','19 Mayýs','57'),
('234','Þiþli','57'),--yok
('235','Þiþli','57'),--yok
('236','19 Mayýs','57'),
('237','19 Mayýs','57'),
('238','Kaptanpaþa','57'),
('239','Teþvikiye','57'),
('240','Evliya Çelebi','58'),
('241','Yayla','58'),
('242','Yayla','58'),
('243','Namýk Kemal','59'),
('244','Ýstiklal','59'),
('245','Alemdað','59'),
('246','Namýk Kemal','59'),
('247','Saray','59'),
('248','Saray','59'),
('249','Altunizade','60'),
('250','Acýbadem','60'),
('251','Kýsýklý','60'),
('252','Acýbadem','60'),
('253','Güzeltepe','60'),
('254','Alemdað','60'),
('255','Acýbadem','60'),
('256','Mimar Sinan','60'),
('257','Mimar Sinan','60'),
('258','Acýbadem','60'),
('259','Ýnkýlap ','60'),
('260','5. Telsiz ','61'),
('261','Zeytinburnu','61'),--yok
('262','Çýrpýcý','61'),
('263','Zeytinburnu','61')--yok
;
INSERT INTO ADDRESS(ID, NAME,NEIGHBORHOOD_ID) VALUES--name ne olmalý
('1','Yukarý Dikmen Mah.630.Sok.No:6 Çankaya /ANKARA','36'),--ANKARA
('2','Elvan Mah. 1935.Sok. No:5 Etimesgut/ANKARA','11'),
('3','Paris Cad. No:58 Kavaklýdere-Çankaya/ANKARA','30'),
('4','Büklüm Sok. No:72 Kavaklýdere-Çankaya/ANKARA','5'),
('5','EskiþehiryoluKýzýlýrmak Mah. 53.Cad. No:17 Söðütözü-Çankaya/ANKARA','13'),
('6','Atatürk Bulvarý No:201 Kavaklýdere-Çankaya/ANKARA','19'),
('7','Ýnönü Mah. Batý Bulvarý No:19-Yenimahalle/ANKARA','15'),
('8','Bitik Köyü KahramanKazan/ANKARA','7'),
('9','Bülten Sok. No:44 Kavaklýdere-Çankaya/ANKARA','20'),
('10','Birlik Mah. ÞehitKurbani Akboða Sok.No:26 Çankaya/ANKARA	','6'),
('11','Tunus Cad. No:28 Kavaklýdere-Çankaya/ANKARA','21'),
('12','Þehit Osmanavcý Mah.2649. sok. No:2 Eryaman –Etimesgut /ANKARA','33'),
('13','Güneþ Sokak No:14 Kavaklýdere-Çankaya/ANKARA','22'),
('14','Kýzýlcaþar Köyü, Serpmeler No:55 Gölbaþý/ANKARA','25'),
('15','Anavatan Cad. No:20 Keçiören/ANKARA','23'),
('16','AkþamsettinMah. Bosna Cad. Huzur Sok.No:1 Sincan/ANKARA','1'),
('17','Kýzýlýrmak Mah.1450 Sok. No:13 Çukurambar/ANKARA','27'),
('18','Kenedy Cad. No:71 Kavaklýdere-Çankaya/ANKARA','5'),
('19','GMK Bulvarý No:81 Çankaya/ANKARA','28'),
('20','Bestekar Sok. No:8 Kavaklýdere-Çankaya/ANKARA','17'),
('21','Akay Cad.Büklüm Sok. No:4 Kavaklýdere-Çankaya/ANKARA','18'),
('22','Andiçen Mah. Polatlý Cad. Ýdil Sok. No:44 Sincan/ANKARA','2'),
('23','Gn.Dr.Tevfik Saðlam Cad. No:119 Etlik-Keçiören/ANKARA','12'),
('24','Kýzýlcaþar Mah. 2705 Cad. No:20 Gölbaþý/ANKARA','26'),
('25','Söðütözü Mah.  2165. Sok. No:6 Söðütözü-Çankaya/ANKARA','32'),
('26','Kentkoop Mah.1868 Sok.no:15 Batýkent/ANKARA','24'),
('27','Kalaba Mah. 30. Sok. No:5 Keçiören/ANKARA','16'),
('28','Çayyolu Mahallesi. 1920.Cad. No:61 Çankaya/ANKARA','9'),
('29','Mevlana Bulvarý 1422.Sok.No:4 Balgat-Çankaya/ANKARA','3'),
('30','Tuzluçayýr Mah. Natoyolu No:55 Mamak/ANKARA','34'),
('31','Naci Çakýr Mah. 761.Sok. No:2 Dikmen/ANKARA','29'),
('32','Gayret Mah. Ývedik Cad. No:61 Yenimahalle/ANKARA','14'),
('33','Gordion Cad.No:1 Polatlý/ANKARA','35'),
('34','Hisar Park Cad. No:18 Ulus/ANKARA','31'),
('35','Muhsin Yazýcýoðlu Cad. No:54 Balgat/ANKARA','4'),
('36','KURTULUÞ MAH. FEVZÝPAÞA CAD. NO:122/E ALÝAÐA','37'),--ÝZMÝR
('37','MÝTHATPAÞA CAD. NO:263 K:2 D:2 BALÇOVA/ÝZMÝR','38'),
('38','MANSUROÐLU MAH. 288/6 SOK. NO:1 K:1 D:4 BAYRAKLI','39'),
('39','MANSUROÐLU MAH. 286/10 SOK. NO:7 D:22 BAYRAKLI/ÝZMÝR','40'),
('40','MANSUROÐLU MAH. 15933/1 SOK. NO:2K(121) BAYRAKLI/ÝZMÝR','41'),
('41','MALTEPE MAH. HARMANYERÝ CAD. NO:2A K:1 BERGAMA','42'),
('42','KAZIMDÝRÝK MAH. 372/2 SOK. NO:9 BORNOVA','43'),
('43','ÝNÖNÜ CAD. NO:305 K:1 D:1 KARABAÐLAR / ÝZMÝR','44'),
('44','GÖZTEPE MAH. 103/1 SOK. NO:9/A KONAK/ÝZMÝR','45'),
('45','1751 SK. NO:2/1 D:4 KARÞIYAKA','46'),
('46','6348 SOK. (ÝSMET YAZAR SOK.) NO:5 D:1 KARÞIYAKA','47'),
('47','6523 SOKAK NO:32A D:408 PARK YAÞAM OFÝSLERÝ KARÞIYAKA','48'),
('48','6496 SOK. NO:5 D:2 YALI MAH. KARÞIYAKA','49'),
('49','MUSTAFA BEY CAD. NO:17 D:4 ALSANCAK-KONAK','50'),
('50','1379 SOK. NO:19/4 ALSANCAK/KONAK/ÝZMÝR','51'),
('51','MÝMAR SÝNAN MAH. ÞAÝR EÞREF BULVARI NO:62 K:1 D:2 KONAK / ÝZMÝR','52'),
('52','ÝRFAN BOYUER SOKAK NO:18 D:12 ALSANCAK-KONAK','53'),
('53','ALTINTAÞ MAH.ÝNÖNÜ CAD. NO:152 K:1D:1 KONAK','54'),
('54','ATATÜRK CADDESÝ NO:338 K:6 D:6 ALSANCAK KONAK/ÝZMÝR','55'),
('55','KÜLTÜR MAH. ÞEVKET ÖZÇELÝK SOK. NO:10 K:2 D:3 ALSANCAK-KONAK','56'),
('56','ALÝ ÇETÝNKAYA BULVARI NO:19 D:3 ALSANCAK/ÝZMÝR','57'),
('57','TALATPAÞA BULVARI NO:42 K:2 D:4 ALSANCAK-KONAK/ÝZMÝR','58'),
('58','KÜLTÜR MAH. 1438 SOK. NO:1 K:2 D:5 ALSANCAK-KONAK/ÝZMÝR','59'),
('59','KÜLTÜR MAH. ÞEHÝT NEVRES BULVARI NO:15 K:4 D:8 KONAK','60'),
('60','ÝRFAN BOYUER SOKAK NO:18 D:12 ALSANCAK-KONAK','61'),
('61','KÜLTÜR MAH. ALÝ ÇETÝNKAYA BULVARI NO:12 K:4 D:7 KONAK','62'),
('62','1447 SOK. NO:7 K:2 D:3 ALSANCAK-KONAK/ÝZMÝR','63'),
('63','TALATPAÞA BULVARI NO:23 K:1 D:1 KONAK','64'),
('64','21 SOK. NO:23 ÇAMÖNÜ KÖYÜ MENDERES/ÝZMÝR','65'),
('65','ILICA MAH. ZEYTÝN SOK. NO:112/1 NARLIDERE','66'),
('66','ZAFER MAHALLESÝ ORTAÇ SOK. NO:10 ÖDEMÝÞ ÝZMÝR','67'),
('67','1082 SOK. NO:8 D:1 SELÇUK','68'),
('68','KALABAK MAH. 3302 SOK NO:37D:2 URLA','69'),
('69','HACI ÝSA MAH. 75 .YIL CUMHURÝYET CAD. NO:31/1 D:1 URLA','70'),
('70','YENÝKENT MAHALLESÝ HÜSEYÝN ZEREN CAD. NO:34/1 URLA','71'),
('71','Arnavutköy Merkez Mah. Edirne Cad. No.1338 ARNAVUTKÖY','72'),--ISTANBUL
('72','KÜÇÜKBAKKALKÖY MAH. ISIKLAR CAD. No:35/A / ATAÞEHÝR','73'),
('73','FERHATPAÞA MAH. YEDÝTEPE CAD. No:44 / ATAÞEHÝR','74'),
('74','Kayýþdaðý Cd.No:47 Küçükbakkalköy Kadýköy','75'),
('75','Ýçerenköy Mah. Meriç Sok. No:17 Kadýköy / Ýstanbul','76'),
('76','KÜÇÜKBAKKALKÖY MAH. KAYISDAGI CAD. No:57/A / ATAÞEHÝR','77'),
('77','Küçükbakkalköy Mah. Vedat Günyol Cad. No:28-30 Ataþehir','78'),
('78','M.K.Paþa Mh.Kayabaþý Sk.No:1/3 Avcýlar','79'),
('79','GÜMÜÞPALA MAH. ISKECE CAD. No:64 / AVCILAR','80'),
('80','AMBARLI MAH. No:10 / AVCILAR','81'),
('81','Merkez Mh.Þamlý Sk.No:32 Avcýlar','82'),
('82','FEVZÝ ÇAKMAK MAH. OSMAN GAZÝ CAD. No:173-1 / BAÐCILAR','83'),
('83','GÜNEÞLÝ MAH. FEVZÝ ÇAKMAK CAD. No:72-74 / BAÐCILAR','84'),
('84','100.YIL MAH. No:77 / BAÐCILAR','85'),
('85','Yavuzselim Mah. Hoca Ahmet Yesevi Cad. 26/A Sk.No:5 Baðcýlar / Ýstanbul','86'),
('86','Barbaros Mh.Hoca Ahmet Yesevi Cd.No:19 Baðcýlar','87'),
('87','','88'),
('88','SANCAKTEPE MAH. BÝRLÝK CAD. 3/1C SK. No:1 / BAÐCILAR','89'),
('89','Yýldýztepe Mh.Baðcýlar Cd. No:108 Baðcýlar','90'),
('90','Sancaktepe Mh. 12.Sk. No:7 Baðcýlar','91'),
('91','Osmaniye Mevkii E-5 Karayolu Üzeri Bahçelievler','92'),
('92','KOCASÝNAN MERKEZ MAH. MAHMUTBEY CAD. No:373-375 / BAHÇELÝEVLER','93'),
('93','BAHÇELÝEVLER MAH. No:7 / BAHÇELÝEVLER','94'),
('94','Hürriyet Mah. Hürriyet Cad. No:1 Yenibosna / Ýstanbul','95'),
('95','Yenibosna Yýldýrým Bayazýt Cd. No:56 Bahçelievler','96'),
('96','Ýzzettin Çalýþlar Cd. Neyyire Sk. No:3 Bahçelievler','97'),
('97','BAHÇELÝEVLER MAH. No:369 / BAHÇELÝEVLER','98'),
('98','Bahçeli evler Mah. Kültür Sok. no:1/A Bahçelievler/Ýstanbul','99'),
('99','Haznedar Eski Londra Asfaltý No:2 Bahçelievler','100'),
('100','Haznedar Baðcýlar Cd.No:1 Bahçelievler','101'),
('101','BAHÇELÝEVLER MAH. No:227 / Adnan Kahveci Bulvarý BAHÇELÝEVLER','102'),
('102','Yenibosna Ç.Çeþme Mh.Fatih Cd. Okul Sk.No:1 Bahçelievler','103'),
('103','Bahçelievler Mah. Delihüseyin Paþa Cad. Þevketdað Sok. No:2 Bahçelievler/ÝSTANBUL','104'),
('104','BAHÇELÝEVLER MAH. No:2 / BAHÇELÝEVLER','105'),
('105','Yenibosna Zafer Mh.Ahmet Yesevi Cd.Gümüþ Sk.No:9-11 Bahçelievler','106'),
('106','Zeytinlik Mh.Sahil Yolu Keneddy Cd.No: 18 Bakýrköy','107'),
('107','Halit Ziya Uþaklýgil Cd.No:1 Bakýrköy','108'),
('108','Ýstanbul Cd.No:82 Yeþilköy Bakýrköy','109'),
('109','Ýncirli Cd.No:55 Bakýrköy','110'),
('110','Ýncirli Pelinli Sk. No:23 Bakýrköy Ýstanbul','111'),
('111','Ýncirli Cd. No:22 Bakýrköy','112'),
('112','','113'),
('113','TERAZÝDERE MAH. HAKAN SOK. No:18 / BAYRAMPAÞA','114'),
('114','TERAZÝDERE MAH. 60. YIL CAD. 60. YIL CAD. No:No:3 / BAYRAMPAÞA','115'),
('115','YENÝDOÐAN MAH. ÖZGÜR SK. No:5 / BAYRAMPAÞA','116'),
('116','Dikilitaþ mah.Hakký Yeten Cad.Yeþilçimen sok. No:23 Beþiktaþ','117'),
('117','Yýldýz Posta Cd.No:55 Beþiktaþ','118'),
('118','Etiler Nispetiye Cad.Yanarsu Sok. No:1/3 Beþiktaþ/Ýstanbul','119'),
('119','Levent Mah. Yeni Sülün Sk. No:13 Beþiktaþ','120'),
('120','ETÝLER MAH. No:1/3 / BEÞÝKTAÞ','121'),
('121','Gayrettepe Cemil Aslan Güder Cd.No:8 Beþiktaþ','122'),
('122','ORTAKÖY MAH. CANAN SOK. NO:5 BEÞÝKTAÞ','123'),
('123','Muradiye Mah. Nüzhetiye Cad. Deryadil Sok. No:1','124'),
('124','Çubuklu Mah. Cumhuriyet Cad. Rüzgarlýbahçe Mevkii No:24 Beykoz','125'),
('125','Gürpýnar Adnan Kahveci Mah. Osmanlý Cad. No:17 B.çekmece / Ýstanbul','126'),
('126','','127'),
('127','YAKUPLU MAH. OSMANLI CAD. No:3 / BEYLÝKDÜZÜ','128'),
('128','CUMHURÝYET MAH. ATATÜRK BULVARI No:5 / BEYLÝKDÜZÜ','129'),
('129','Büyükþehir Mah. Beylikdüzü Cad. No:3 Büyükçekmece / Ýstanbul','130'),
('130','ARAP CAMÝ MAH. No:71 / BEYOÐLU','131'),
('131','Bereketzade Medresesi Sk.No:5/7 Beyoðlu','132'),
('132','Piyalepaþa Mh.F.Sultan Cd. Osmanoðlu Sk.No:12 Beyoðlu','133'),
('133','Fatih Mah. Turgut Reis Sk.No:3','134'),
('134','Menderes Mh. Atýþalaný Cd. 19.Sk. No.2 Esenler','135'),
('135','Atýþalaný Birlik Mh.835.Sk. No:2 Esenler','136'),
('136','Menderes Mh.K.Karabekir Cd. No:3 Esenler','137'),
('137','Esenyurt Doðan Araslý Cd. No:4 Sonevler','138'),
('138','MERKEZ MAH 19 MAYIS BULVARI NO:18 ESENYURT','139'),
('139','MEVLANA MAH. SULTAN AHMET CAD. No:127 / ESENYURT','140'),
('140','YEÞÝLKENT MAH. 2011. SK. No:25 / ESENYURT','141'),
('141','Karadolap Mah. Neþeli Sok. No:22 Eyüp-ÝSTANBUL','142'),
('142','Alibeyköy Merkez Mh. No:56 Eyüp','143'),
('143','AKSARAY MAH. No:11 / FATÝH','144'),
('144','Hisarönü Cd.No:46/48 Fatih','145'),
('145','Denizabdal Mh.Necip Asým Sk.No:23 Fatih','146'),
('146','Denizabdal Mh. Baþvekil Cd. No:2 Fatih','147'),
('147','AKSARAY MAH. No:1 / FATÝH','148'),
('148','AKSARAY MAH. No:03 / FATÝH','149'),
('149','AKSARAY MAH. No:4 / FATÝH','150'),
('150','AKSARAY MAH. No:19 / FATÝH','151'),
('151','YENÝ MAH. 537 SK. No:5 / GAZÝOSMANPAÞA','153'),
('152','FEVZÝ ÇAKMAK MAH. HEKIMSUYU CAD. HEKIMSUYU CAD. No:26 / GAZÝOSMANPAÞA','154'),
('153','Merkez Mh. Küçükköy Yolu Hamam Sk.No:2 Gaziosmanpaþa','155'),
('154','Yeni Mahalle Hekimsuyu Caddesi No:53 Küçükköy-Gaziosmanpaþa/ÝSTANBUL','156'),
('155','G.O.Paþa Cd.No:1 Küçükköy Gaziosmanpaþa','157'),
('156','G.O.Paþa Mh.Cengiz Topel Cd. No:167 Küçükköy','158'),
('157','Eski Edirne Asfaltý No: 124/B 255. Sk. No:16 Gaziosmanpaþa','159'),
('158','MERKEZ MAH. CUKURCESME CAD. No:57-59 / GAZÝOSMANPAÞA','160'),
('159','Karadeniz Mah. General Aldoðan Cad. No: 6-8/A','161'),
('160','Yýldýztabya Cd. No: 77 Gaziosmanpaþa','162'),
('161','MERKEZ MAH. CUKURCESME CAD. No:51 / GAZÝOSMANPAÞA','163'),
('162','Köyiçi Doðanbey Cd. No:1 Güngören','164'),
('163','Soðanlý Cd.No: 77 Güngören','165'),
('164','ABDURRAHMAN NAFÝZ GÜRMAN MAH. No:59 / GÜNGÖREN','166'),
('165','Haznedar Mh.Baðcýlar Cd. No:52 Güngören','167'),
('166','Acýbadem Tekin Sk.No:18 Kadýköy','168'),
('167','19 MAYIS MAH. ÝNÖNÜ CAD. OKUR SK. No:20 / KADIKÖY','169'),
('168','19 MAYIS MAH. No: 20 / KADIKÖY','170'),
('169','Hasanpaþa Mirim Çelebi Sk. No:1 Kadýköy','171'),
('170','ACIBADEM MAH. SOKULLU SK. No:1 / KADIKÖY','172'),
('171','Merdivenköy Yolu Þahika Sok. No:32 Göztepe Kadýköy/ÝSTANBUL','173'),
('172','Mecidiyeköy Mh. Lambacý Sk. No:1/1-2 Kadýköy','174'),
('173','19 MAYIS MAH. No:63 / KADIKÖY','175'),
('174','19 MAYIS MAH. No:1 / KADIKÖY','176'),
('175','Kocayol Cd.Kozyataðý Sk. No:5 Kadýköy','177'),
('176','Merdivenköy Mh. 23 Nisan Sk. No:17 Kadýköy/ÝSTANBUL','178'),
('177','ZÜHTÜPAÞA MAH. RECEP PEKER CAD. No:11 / 1 KADIKÖY','179'),
('178','19 MAYIS MAH. No:24 / KADIKÖY','180'),
('179','Gültepe Mh.Talatpaþa Cd. No:151 Kaðýthane','181'),
('180','MERKEZ MAH. ÇOBANÇEÞME CAD. BURCU SK. No:No.9 / KAÐITHANE','182'),
('181','Büyükdere Cd.No:35 Kaðýthane','183'),
('182','ATALAR MAH. ÜSKÜDAR CAD. No:99-101 / KARTAL','184'),
('183','Petrol_Ýþ Mah. Üsküdar Cd.( Münübüs Yolu ) No:45 Kartal','185'),
('184','ORTA MAH. GENÇ OSMAN CAD. No:2 / KARTAL','186'),
('185','ATALAR MAH. No:101 / KARTAL','187'),
('186','Baðdat Cd.No:141 Kartal','188'),
('187','YUKARI MAH. KIZILAY BULVARI No:30 / KARTAL','189'),
('188','ATAKENT MAH. No:1 / KÜÇÜKÇEKMECE','190'),
('189','MEHMET AKÝF MAH. KEMALPAÞA CAD. No:92 / KÜÇÜKÇEKMECE','191'),
('190','Atatürk Cad.No: 135 Ýkitelli Küçükçekmece','192'),
('191','CENNET MAH. GÜR SK. No:22 / KÜÇÜKÇEKMECE','193'),
('192','Ýnönü Cd.No:140 Küçükçekmece','194'),
('193','Merkez Mh.Mezarlýk Sk. No:4 Küçükçekmece','195'),
('194','ATAKENT MAH. No:30 / KÜÇÜKÇEKMECE','196'),
('195','Tevfikbey Mah. Mektep Sok. No.11 Sefaköy/Küçükçekmece/ÝSTANBUL','197'),
('196','Ýdealtepe Akgüvercin Sk. No:4 Küçükyalý /Maltepe','198'),
('197','CEVÝZLÝ MAH. TOROS CAD. No:86 / MALTEPE','199'),
('198','Baðlarbaþý Mah.Baðdat Cd. No:475 Maltepe/ Ýstanbul','200'),
('199','ALTAYÇEÞME MAH. No:1 / MALTEPE','201'),
('200','CEVÝZLÝ MAH. BAÐDAT CAD. No:547 / MALTEPE','202'),
('201','YENÝÞEHÝR MAH. No:2 / PENDÝK','203'),
('202','AHMET YESEVÝ MAH. No:1 / PENDÝK','204'),
('203','AHMET YESEVÝ MAH. No:1 / PENDÝK','205'),
('204','Doðu Mahallesi Yücel Sok.No:1','206'),
('205','Doðu Mh.Bilge Sk. No:16 Pendik','207'),
('206','Doðu Mh. Papatya Sk.No:15','208'),
('207','B.Evler Mh.Aydýnlý Yolu Gonca Sk.No:7 Pendik','209'),
('208','FEVZÝ ÇAKMAK MAH. No:9 / D 100 BULVARI PENDÝK','210'),
('209','ÜstKaynarca Fevzi Çakmak Mh. Cemal Gürsel Cd.No:138 Pendik','211'),
('210','MECLÝS MAH. ATATÜRK CAD. No:123 / Sarýgazi SANCAKTEPE','212'),
('211','SARIGAZÝ MAH. No:34 / SANCAKTEPE','213'),
('212','DARÜÞÞAFAKA MAH. BÜYÜKDERE No:40 / SARIYER','214'),
('213','PÝRÝ MEHMET PAÞA MAH. No:4 / SÝLÝVRÝ','215'),
('214','Alibey Mh.Ali Çetinkaya Cd.No:105 Silivri','216'),
('215','MÝMAR SÝNAN SÝLÝVRÝ MAH. SANAYÝ 55. SK. No:1 / SÝLÝVRÝ','217'),
('216','Mehmet Akif Mh. Fatih Cd. No:175 Sultanbeyli','218'),
('217','Fatih Bulvarý No:105 Sultanbeyli','219'),
('218','Eski Londra Asfaltý No:48 Gaziosmanpaþa','220'),
('219','Gazi Mh.Ýsmetpaþa Cd.No:27 Gaziosmanpaþa','221'),
('220','UÐUR MUMCU MAH. ESKI EDIRNE ASFALTI CAD. No:608/A ve 608/B / SULTANGAZÝ','222'),
('221','Piyalepaþa Bulvarý Okmeydaný Þiþli','223'),
('222','19 MAYIS MAH. No:1 / ÞÝÞLÝ','224'),
('223','ÝNÖNÜ MAH. DOLAPDERE CAD. KUZU KULAÐI SK. No:26 / 11 Nizamiye Cad. No:1-9 ÞÝÞLÝ','225'),
('224','Fulya Mah. Yavuz Sok. N:7','226'),
('225','Büyükdere Cd.No:22/24 Þiþli','227'),
('226','19 MAYIS MAH. No:38 / ÞÝÞLÝ','228'),
('227','Teþvikiye Mh.Ferah Sk. No:18 Þiþli','229'),
('228','19 MAYIS MAH. No: / ÞÝÞLÝ','230'),
('229','FULYA MAH. AYTEKÝN KOTÝL (FULYA) CAD. No:25 / ÞÝÞLÝ','231'),
('230','Cemal Sair Sk. No.2 Mecidiyeköy/Þiþli','232'),
('231','19 MAYIS MAH. No:5 / ÞÝÞLÝ','233'),
('232','Abide-i Hürriyet Cd. No:226/1 Þiþli','234'),
('233','Elmadað Yedikuyular Cd. No:6/1 Þiþli','235'),
('234','19 MAYIS MAH. No:164 / ÞÝÞLÝ','236'),
('235','19 MAYIS MAH. No: / ÞÝÞLÝ','237'),
('236','Kaptanpaþa Mh. Ç.Havuzlar Sk. No:2/2 Þiþli','238'),
('237','Niþantaþý Güzelbahçe Sk.No:20 Þiþli','239'),
('238','Evliya Çelebi Mah.Sahilyolu Cad. No:2 Tuzla / Ýstanbul','240'),
('239','Yayla Mah. Vatan Cad. No:93','241'),
('240','Namýk Kemal Mah. Sütçü Ýmam Cad. No:8 Ümraniye','243'),
('241','Ýstiklal Mah. Tabip Sok. No: 5 Ümraniye','244'),
('242','Alemdað Cd.Sezer Sk. No:3-5 Ümraniye','245'),
('243','NAMIK KEMAL MAH. CENGÝZ TOPEL CAD. No:90 / ÜMRANÝYE','246'),
('244','Saray Mah. Site Yolu Cd.No:7 Ümraniye','247'),
('245','SARAY MAH. No:18 / ÜMRANÝYE','248'),
('246','Altunizade Nuh Kuyusu Cd.No:88 Üsküdar','249'),
('247','ACIBADEM MAH. No:Altunizade Mah. Tophanelioðlu Cad. No:13 ve Yurtca / ÜSKÜDAR','250'),
('248','','251'),
('249','ACIBADEM MAH. No:73 / ÜSKÜDAR','252'),
('250','Güzeltepe Mah.Zübeyde Haným Cd.No:15 Üsküdar','253'),
('251','Alemdað Cd.No:85','254'),
('252','ACIBADEM MAH. No:52 / ÜSKÜDAR','255'),
('253','Mimar Sinan Mah. Selmaný Pak Cad. No: 77 Üsküdar','256'),
('254','Mimar Sinan Mah. Selmanipak Cad. No: 72','257'),
('255','ACIBADEM MAH. No:10 / ÜSKÜDAR','258'),
('256','Ýnkýlap Mh. Katlý Otopark Arkasý Sk. No:18 Üsküdar','259'),
('257','5. Telsiz Mah. 101 Sok. No.109 Zeytinburnu/ÝSTANBUL','260'),
('258','Lütfi Kýrdar Cd.No:5 Zeytinburnu','261'),
('259','Çýrpýcý Mh.Turan Güneþ Cd. No:117 Zeytinburnu','262'),
('260','Zakirbaþý Sk.No:30 Zeytinburnu','263');


INSERT INTO HOSPITAL(ID, NAME,ADDRESS_ID) VALUES
('1','ÖZEL ACIBADEM ANKARA HASTANESÝ','1'),
('2','ÖZEL A LÝFE PARK HOSPÝTAL ANKARA HASTANESÝ','2'),
('3','ÖZEL ANKARA GÜVEN HASTANESÝ','3'),
('4','ÖZEL ANKARA UMUT HASTANESÝ','4'),
('5','ÖZEL BAYINDIR HASTANESÝ (SÖÐÜTÖZÜ)','5'),
('6','ÖZEL BAYINDIR KAVAKLIDERE HASTANESÝ','6'),
('7','ÖZEL BÝLGÝ HASTANESÝ','7'),
('8','ÖZEL BOYLAM PSÝKÝYATRÝ HASTANESÝ','8'),
('9','ÖZEL ÇANKAYA HASTANESÝ','9'),
('10','ÖZEL ÇANKAYA YAÞAM HASTANESÝ','10'),
('11','ÖZEL DÜNYA GÖZ DAL HASTANESÝ','11'),
('12','ÖZEL ERYAMAN  HASTANESÝ','12'),
('13','ÖZEL HRS ANKARA KADIN  HASTANESÝ','13'),
('14','ÖZEL ÝNCEK FTR  HASTANESÝ','14'),
('15','ÖZEL KEÇÝÖREN HASTANESÝ','15'),
('16','ÖZEL KORU ANKARA HASTANESÝ (SÝNCAN)','16'),
('17','ÖZEL KORU HASTANESÝ','17'),
('18','ÖZEL KUDRET GÖZ  HASTANESÝ','18'),
('19','ÖZEL KUDRET INTERNATIONAL HOSPITAL','19'),
('20','ÖZEL LÝV HOSPÝTAL ANKARA HASTANESÝ','20'),
('21','ÖZEL LOKMAN HEKÝM AKAY HASTANESÝ','21'),
('22','ÖZEL LOKMAN HEKÝM ANKARA HASTANESÝ (SÝNCAN)','22'),
('23','ÖZEL LOKMAN HEKÝM HASTANESÝ (ETLÝK)','23'),
('24','ÖZEL LÖSANTE ÇOCUK VE YETÝÞKÝN HASTANESÝ','24'),
('25','ÖZEL MEDÝCANA INTERNATIONAL ANKARA HASTANESÝ','25'),
('26','ÖZEL MEDÝCALPARK ANKARA HASTANESÝ','26'),
('27','ÖZEL MEDÝSÝS HASTANESÝ','27'),
('28','ÖZEL MEDÝSUN ÇAYYOLU HASTANESÝ','28'),
('29','ÖZEL MEMORIAL ANKARA HASTANESÝ','29'),
('30','ÖZEL NATOMED HASTANESÝ','30'),
('31','ÖZEL ORTADOÐU 19 MAYIS HASTANESÝ','31'),
('32','ÖZEL ORTADOÐU HASTANESÝ','32'),
('33','ÖZEL POLATLI CAN HASTANESÝ','33'),
('34','ÖZEL VSD NUSRET KARASU GÖÐÜS HASTALIKLARI HAST.','34'),
('35','ÖZEL YÜZÜNCÜYIL HASTANESÝ','35'),
('36','SÝNAN GÜZEL ÖZEL HEKÝM MUAYENEHANESÝ AKUPUNKTUR ÜNÝTESÝ','36'),
('37','CEMALETTÝN EKMEKCÝOÐLU HEKÝM MUAYENEHANESÝ AKUPUNKTUR ÜNÝTESÝ','37'),
('38','HAKAN ERTOK ÖZEL HEKÝM MUAYENEHANESÝ AKUPUNKTUR ÜNÝTESÝ','38'),
('39','METE EDÝZER ÖZEL HEKÝM MUAYENEHANESÝ AKUPUNKTUR ÜNÝTESÝ','39'),
('40','SEYFETTÝN TAYFUN AKSEKÝ ÖZEL HEKÝM MUAYENEHANESÝ AKUPUNKTUR ÜNÝTESÝ','40'),
('41','FEYYAZ UÐURLUOÐLU ÖZEL HEKÝM MUAYENEHANESÝ AKUPUNKTUR ÜNÝTESÝ','41'),
('42','ÞERAFETTÝN ÖZDOÐAN ÖZEL HEKÝM MUAYENEHANESÝ AKUPUNKTUR ÜNÝTESÝ','42'),
('43','HAZEL KIR ÖZEL HEKÝM MUAYENEHANESÝ AKUPUNKTUR ÜNÝTESÝ','43'),
('44','S.B.Ü. ÝZMÝR BOZYAKA EÐÝTÝM VE ARAÞTIRMA HASTANESÝ AKUPUNKTUR EÐÝTÝM MERKEZÝ','44'),
('45','ALP CEMÝL BUHARALI HEKÝM MUAYENEHANESÝ AKUPUNKTUR ÜNÝTESÝ','45'),
('46','AYÞE EBRU YÜCETÜRK HEKÝM MUAYENEHANESÝ AKUPUNKTUR ÜNÝTESÝ','46'),
('47','BAÞAK BÝNGÖL ÖZEL HEKÝM MUAYENEHANESÝ AKUPUNKTUR ÜNÝTESÝ','47'),
('48','MUTLU ECE ÝÞGÜZAR HEKÝM MUAYENEHANESÝ AKUPUNKTUR ÜNÝTESÝ','48'),
('49','ABDULKADÝR ÞÜKRÜ HAMÝDÝ HEKÝM MUAYENEHANESÝ AKUPUNKTUR ÜNÝTESÝ','49'),
('50','AHMET TAYFUR YAÐCI HEKÝM MUAYENEHANESÝ AKUPUNKTUR ÜNÝTESÝ','50'),
('51','AHMET TEPE ÖZEL HEKÝM MUAYENEHANESÝ AKUPUNKTUR ÜNÝTESÝ','51'),
('52','ASUMAN ERGÝCAN HEKÝM MUAYENEHANESÝ AKUPUNKTUR ÜNÝTESÝ','52'),
('53','CEM GÖNÜL ÖZEL HEKÝM MUAYENEHANESÝ AKUPUNKTUR ÜNÝTESÝ','453'),
('54','ELÝF PETEK DERELÝ ÖZEL HEKÝM MUAYENEHANESÝ AKUPUNKTUR ÜNÝTESÝ','54'),
('55','EMÝNE DEMÝR BOLAT ÖZEL HEKÝM MUAYENEHANESÝ AKUPUNKTUR ÜNÝTESÝ','55'),
('56','ÝBRAHÝM BAÐCI HEKÝM MUAYENEHANESÝ AKUPUNKTUR ÜNÝTESÝ','56'),
('57','MAZHAR ESERDAÐ ÖZEL HEKÝM MUAYENEHANESÝ AKUPUNKTUR ÜNÝTESÝ','57'),
('58','MEHMET EÞREF ÖZGÜ ÖZEL HEKÝM MUAYENEHANESÝ AKUPUNKTUR ÜNÝTESÝ','58'),
('59','MESUT CANER YUSUFOÐLU ÖZEL HEKÝM MUAYENEHANESÝ AKUPUNKTUR ÜNÝTESÝ','59'),
('60','NÝHAT ERGÝCAN HEKÝM MUAYENEHANESÝ AKUPUNKTUR ÜNÝTESÝ','60'),
('61','ÖZLEM AKNAR ÖZEL HEKÝM MUAYENEHANESÝ AKUPUNKTUR ÜNÝTESÝ','61'),
('62','ÞÜKRÜ BAÐCIK ÖZEL HEKÝM MUAYENEHANESÝ AKUPUNKTUR ÜNÝTESÝ','62'),
('63','TUBA KAVALA ÖZEL HEKÝM MUAYENEHANESÝ AKUPUNKTUR ÜNÝTESÝ','63'),
('64','TEOMAN ALPAY DEMÝREL ÖZEL HEKÝM MUAYENEHANESÝ AKUPUNKTUR ÜNÝTESÝ','64'),
('65','ASUMAN ÖZKAN ÖZEL HEKÝM MUAYENEHANESÝ AKUPUNKTUR ÜNÝTESÝ','65'),
('66','ÖDEMÝÞ DEVLET HASTANESÝ AKUPUNKTUR ÜNÝTESÝ','66'),
('67','NEÞE ERDÝNÇ HEKÝM MUAYENEHANESÝ AKUPUNKTUR ÜNÝTESÝ','67'),
('68','DOÐU YILDIRIM ÖZEL HEKÝM MUAYENEHANESÝ AKUPUNKTUR ÜNÝTESÝ','68'),
('69','KEREM AL ÖZEL HEKÝM MUAYENEHANESÝ AKUPUNKTUR ÜNÝTESÝ','69'),
('70','SEDA ÖZTÜRK HEKÝM MUAYENEHANESÝ AKUPUNKTUR ÜNÝTESÝ','70'),
('71','ÖZEL AVRUPA HOSPÝTAL HASTANESÝ','71'),
('72','Özel Ataþehir Florence Nightingale Hastanesi','72'),
('73','ÖZEL ATAÞEHÝR HASTANESÝ','73'),
('74','Özel Avicenna Hastanesi Ataþehir','74'),
('75','Özel Bayýndýr Ýçerenköy Hastanesi','75'),
('76','Özel Eren Hastanesi','76'),
('77','Özel Memorial Ataþehir Hastanesi','77'),
('78','ÖZEL AVCILAR ANADOLU HASTANESÝ','78'),
('79','ÖZEL AVCILAR BAYPARK HASTANESÝ','79'),
('80','ÖZEL AVCILAR HOSPÝTAL HASTANESÝ','80'),
('81','Özel Medicana Hospitals Avcýlar Hastanesi','81'),
('82','ÖZEL BAÐCILAR MEDÝLÝFE HASTANESÝ','82'),
('83','Özel Güneþli Erdem Hastanesi','83'),
('84','ÖZEL HASTANE34 HASTANESÝ','84'),
('85','Özel Hospitalist Hastanesi','85'),
('86','Özel Ýstanbul Medicine Hospital Hastanesi','86'),
('87','Özel Medipol Mega Hastane Kompleksi','87'),
('88','Özel Niv Göz Hastanesi','88'),
('89','Özel Safa Hastanesi','89'),
('90','Özel Yeni Ýklim Hastanesi','90'),
('91','ÝSTANBUL ÖZEL MEMORÝAL HÝZMET HASTANESÝ','91'),
('92','ÖZEL A HASTANESÝ','92'),
('93','ÖZEL AÝLE HASTANESÝ','93'),
('94','ÖZEL ATAKÖY HASTANESÝ','94'),
('95','ÖZEL ÝLKE HASTANESÝ','95'),
('96','ÖZEL ÝSTANBUL GÖZ HASTANESÝ','96'),
('97','ÖZEL MEDÝAN HASTANESÝ','97'),
('98','ÖZEL MEDÝCAL PARK BAHÇELÝEVLER HASTANESÝ','98'),
('99','Özel Medicana Hospitals Bahçelievler Hastanesi','99'),
('100','Özel Medicana Hospitals Haznedar Hastanesi','100'),
('101','ÖZEL MEMORÝAL BAHÇELÝEVLER HASTANESÝ','101'),
('102','Özel Nisa Hastanesi','102'),
('103','Özel Vital Hospital Hastanesi','103'),
('104','Özel Yaþam Hastanesi (FAALÝYETÝ ASKIDA)','104'),
('105','Özel Yenibosna Safa Hastanesi','105'),
('106','Özel Dünya Göz Hastanesi Ataköy','106'),
('107','Özel Acýbadem Bakýrköy Hastanesi','107'),
('108','Özel Acýbadem Ýnternational Hastanesi','108'),
('109','Özel Çamlýk Hastanesi','109'),
('110','Özel Ethica Ýncirli Hastanesi','110'),
('111','Özel Yaþar Hastanesi','111'),
('112','ÖZEL BAYPARK HOSPÝTAL HASTANESÝ','112'),
('113','Özel Bayrampaþa Hastanesi (FAALÝYETÝ ASKIDA)','113'),
('114','Özel Bayrampaþa Kolan Hospital Hastanesi','114'),
('115','Özel Göz Nurunu Koruma Vakfý Bayrampaþa Göz Hastanesi','115'),
('116','ÖZEL ACIBADEM FULYA HASTANESÝ','116'),
('117','ÖZEL DENTÝSTANBUL DÝÞ HASTANESÝ','117'),
('118','ÖZEL DÜNYA GÖZ HASTANESÝ ETÝLER','118'),
('119','ÖZEL ESTETHÝCA LEVENT HASTANESÝ','119'),
('120','ÖZEL ETÝLER HASTANESÝ','120'),
('121','Özel Gayrettepe Florence Nightingale Hastanesi','121'),
('122','ÖZEL LÝV HOSPÝTAL ULUS HASTANESÝ','122'),
('123','ÖZEL OTA-JÝNEMED HASTANESÝ','123'),
('124','ÖZEL MEDÝSTATE KAVACIK HASTANESÝ','124'),
('125','ÖZEL BEYLÝKDÜZÜ KOLAN HOSPÝTAL HASTANESÝ','125'),
('126','ÖZEL BEYLÝKDÜZÜ MEDÝLÝFE HASTANESÝ','126'),
('127','ÖZEL BÝRÝNCÝ HASTANESÝ','127'),
('128','ÖZEL BÝRÝNCÝGÖZ HASTANESÝ','128'),
('129','Özel Medicana Ýnternational Ýstanbul Hastanesi','129'),
('130','Özel Alman Hastanesi Universal Hospitals Grup (FAALÝYETÝ ASKIDA)','130'),
('131','ÖZEL AVUSTURYA SEN JORJ HASTANESÝ','131'),
('132','ÖZEL OKMEYDANI HASTANESÝ','132'),
('133','Özel Büyükçekmece Kolan Hospital Hastanesi','133'),
('134','ÖZEL AVÝCENNA HASTANESÝ','134'),
('135','Özel Esenler Ensar Hastanesi Avicenna','135'),
('136','Özel Güney Hastanesi','136'),
('137','ÖZEL DOÐA HOSPÝTAL HASTANESÝ','137'),
('138','ÖZEL ESENCAN HASTANESÝ','138'),
('139','ÖZEL ESLÝFE HOSPÝTAL ESENYURT HASTANESÝ (FAAL DEÐÝL)','139'),
('140','ÖZEL REYAP ÝSTANBUL HASTANESÝ','140'),
('141','ÖZEL ALÝBEY HOSPÝTAL HASTANESÝ','141'),
('142','ÖZEL EYÜP HALÝÇ HOSPITAL HASTANESÝ','142'),
('143','Ýstanbul Medipol Üniversitesi Saðlýk Uygulama Hastanesi (AKTÝF DEÐÝL)','143'),
('144','ÖZEL BALAT OR-AHAYÝM MUSEVÝ HASTANESÝ VAKFI ÝKTÝSADÝ ÝÞLETMESÝ','144'),
('145','ÖZEL ÇAPA HASTANESÝ','145'),
('146','ÖZEL ÇAPA MEDÝLÝFE HASTANESÝ','146'),
('147','ÖZEL FATÝH HASTANESÝ','147'),
('148','ÖZEL MEDÝCANA HASTANESÝ (FAALÝYETÝ ASKIDA)','148'),
('149','ÖZEL MEDÝKAL PARK HOSPÝTAL HASTANESÝ','149'),
('150','ÖZEL UNÝVERSAL AKSARAY HASTANESÝ (FAALÝYETÝ ASKIDA)','150'),
('151','ÖZEL ASYA HASTANESÝ','151'),
('152','ÖZEL AVRASYA HASTANESÝ GAZÝOSMANPAÞA','152'),
('153','ÖZEL AVRUPA ÞAFAK HASTANESÝ','153'),
('154','ÖZEL BAÞARI HASTANESÝ','154'),
('155','ÖZEL BÝLGE HASTANESÝ','155'),
('156','ÖZEL DUYGU HASTANESÝ','156'),
('157','ÖZEL ÝSTANBUL ÞAFAK HASTANESÝ','157'),
('158','ÖZEL MEDÝCALPARK GAZÝOSMANPAÞA HASTANESÝ','158'),
('159','ÖZEL ORTOMEDÝCA HASTANESÝ','159'),
('160','ÖZEL YILDIZ ACADEMÝA HASTANESÝ','160'),
('161','Yeni Yüzyýl Üniversitesi Özel Gaziosmanpaþa Hastanesi','161'),
('162','ÖZEL GÜNGÖREN HASTANESÝ','162'),
('163','ÖZEL ÝLGÝ HASTANESÝ','163'),
('164','ÖZEL KOLAN HASTANESÝ (FAALÝYETÝ ASKIDA)','164'),
('165','Özel Meltem Hastanesi ve Doðum Hastanesi','165'),
('166','ÖZEL ACIBADEM HASTANESÝ','166'),
('167','ÖZEL ACIBADEM KOZYATAÐI HASTANESÝ','167'),
('168','ÖZEL ACIBADEM KOZYATAÐI HASTANESÝ (RUHSATI ÝPTAL OLDU)','168'),
('169','ÖZEL ÇAÐINER HASTANESÝ','169'),
('170','ÖZEL DOKTOR NAZÝF BAÐRIAÇIK KADIKÖY HASTANESÝ','170'),
('171','ÖZEL GÖZTEPE HASTANESÝ','171'),
('172','ÖZEL ÝSTANBUL MEDÝPOL HASTANESÝ','172'),
('173','ÖZEL KADIKÖY FLORENCE NÝGHTÝNGALE HASTANESÝ','173'),
('174','ÖZEL KADIKÖY ÞÝFA HASTANESÝ (AKTÝF DEÐÝL)','174'),
('175','ÖZEL KOZYATAÐI CENTRAL HOSPITAL HASTANESÝ','175'),
('176','ÖZEL MEDÝCAL PARK GÖZTEPE HASTANE KOMPLEKSÝ (GENEL-KANSER-DENTÝSTANBUL AÐIZ VE DÝÞ HASTANESÝ)','176'),
('177','ÖZEL MEDÝCANA KADIKÖY HASTANESÝ','177'),
('178','ÖZEL MEDÝTÝME HASTANESÝ (AKTÝF DEÐÝL)','178'),
('179','ÖZEL AVÝCENNA HASTANESÝ GÜLTEPE','179'),
('180','ÖZEL DERÝNDERE HASTANESÝ','180'),
('181','ÖZEL LEVENT HASTANESÝ','181'),
('182','ÖZEL ATALAR HASTANESÝ','182'),
('183','ÖZEL AVÝCENNA UMUT HASTANESÝ','183'),
('184','ÖZEL BÝRLÝK HASTANESÝ','184'),
('185','ÖZEL ÝSTANBUL ÝBNÝ SÝNA HASTANESÝ','185'),
('186','ÖZEL VERA HASTANESÝ','186'),
('187','TÜRK KIZILAYI ÖZEL KARTAL HASTANESÝ','187'),
('188','Acýbadem Üniversitesi Özel Acýbadem Atakent Hastanesi','188'),
('189','ÖZEL AKGÜN TEM HASTANESÝ (FAALÝYETÝ ASKIDA)','189'),
('190','ÖZEL BATI BAHAT HOSPÝTAL HASTANESÝ','190'),
('191','ÖZEL DOÐAN HASTANESÝ','191'),
('192','ÖZEL DR.SADIK AHMET HASTANESÝ','192'),
('193','ÖZEL HALKALI KENT HASTANESÝ','193'),
('194','ÖZEL ÝSTANBUL HOSPITAL HASTANESÝ','194'),
('195','ÖZEL RUMELÝ HOSPÝTAL HASTANESÝ','195'),
('196','ÖZEL DELTA HOSPITAL HASTANESÝ','196'),
('197','ÖZEL ÝSTANBUL ONKOLOJÝ HASTANESÝ','197'),
('198','ÖZEL MALTEPE BÖLGE HASTANESÝ','198'),
('199','ÖZEL MALTEPE ERSOY HASTANESÝ','199'),
('200','ÖZEL MEHMET TOPRAK HASTANESÝ','200'),
('201','ÖZEL ADATIP KURTKÖY HASTANESÝ','201'),
('202','ÖZEL EMSEY HOSPÝTAL HASTANESÝ','202'),
('203','ÖZEL KURTKÖY ERSOY HASTANESÝ','203'),
('204','ÖZEL PENDÝK BÖLGE HASTANESÝ','204'),
('205','ÖZEL PENDÝK HOSPÝTAL HASTANESÝ','205'),
('206','ÖZEL REMEDY HOSPÝTAL HASTANESÝ','206'),
('207','ÖZEL ÞÝFA HASTANESÝ','207'),
('208','ÖZEL VM MEDÝCALPARK PENDÝK HASTANESÝ','208'),
('209','Özel Yüzyýl Hastanesi Pendik','209'),
('210','ÖZEL ÝSTANBUL BÖLGE HASTANESÝ','210'),
('211','Özel Via Hospital Sancaktepe Hastanesi (FAALÝYETÝ ASKIDA)','211'),
('212','ÖZEL ACIBADEM MASLAK HASTANESÝ','212'),
('213','Özel Silivri Hayat Hastanesi (AKTÝF DEÐÝL)','213'),
('214','ÖZEL SÝLÝVRÝ KOLAN HOSPÝTAL HASTANESÝ','214'),
('215','ÖZEL SÝLÝVRÝ MEDÝCAL PARK HASTANESÝ','215'),
('216','ÖZEL ERSOY HASTANESÝ','216'),
('217','ÖZEL SAYGI HASTANESÝ','217'),
('218','ÖZEL BAHAT HOSPÝTAL HASTANESÝ','218'),
('219','ÖZEL GAZÝ HASTANESÝ','219'),
('220','ÖZEL MEDÝGOLD SULTAN HASTANESÝ','220'),
('221','ÖZEL MEMORIAL ÞÝÞLÝ HASTANESÝ','221'),
('222','ÖZEL 29 MAYIS HASTANESÝ (AKTÝF DEÐÝL)','222'),
('223','ÖZEL ACIBADEM TAKSÝM HASTANESÝ','223'),
('224','ÖZEL DORA HOSPÝTAL HASTANESÝ','224'),
('225','ÖZEL FRANSIZ LAPE HASTANESÝ','225'),
('226','Özel Hospitalium Þiþli Hastanesi (FAALÝYETÝ ASKIDA)','226'),
('227','ÖZEL ÝSTANBUL CERRAHÝ HASTANESÝ','227'),
('228','ÖZEL ÝSTANBUL FLORANCE NÝGHTÝNGALE HASTANESÝ','228'),
('229','ÖZEL KADIOÐLU HASTANESÝ','229'),
('230','ÖZEL MECÝDÝYEKÖY ÇEVRE HASTANESÝ','230'),
('231','ÖZEL NÝÞANTAÞI HASTANESÝ','231'),
('232','ÖZEL OSMANOÐLU HASTANESÝ','232'),
('233','ÖZEL SURP AGOP HASTANESÝ','233'),
('234','ÖZEL ÞÝÞLÝ FLORENCE NIGHTINGALE HASTANESÝ','234'),
('235','Özel Þiþli Kolan International Hospital Hastanesi','235'),
('236','Özel Türkiye Gazetesi Hastanesi','236'),
('237','ÖZEL VKV AMERÝKAN HASTANESÝ','237'),
('238','Özel GSM Gisbir Saðlýk Merkezi Hastanesi','238'),
('239','ÖZEL TUZLA HASTANESÝ','239'),
('240','ÖZEL AFÝYET HASTANESÝ','240'),
('241','ÖZEL ATLAS HASTANESÝ','241'),
('242','ÖZEL ERDEM HASTANESÝ','242'),
('243','ÖZEL HÝSAR ÇAMLICA HASTANESÝ','243'),
('244','Özel Hisar Intercontinental Hospital Hastanesi','244'),
('245','ÖZEL NP ÝSTANBUL BEYÝN HASTANESÝ','245'),
('246','ÖZEL ACADEMÝC HOSPÝTAL HASTANESÝ','246'),
('247','ÖZEL ACIBADEM ALTUNÝZADE HASTANESÝ','247'),
('248','ÖZEL ÇAMLICA ERDEM HASTANESÝ','248'),
('249','Özel Hospitalium Çamlýca Hastanesi (FAALÝYETÝ ASKIDA)','249'),
('250','ÖZEL MEDIVIA HOSPÝTAL HASTANESÝ','250'),
('251','ÖZEL MEDÝCANA HOSPÝTALS ÇAMLICA HASTANESÝ','251'),
('252','ÖZEL MOODÝST HASTANESÝ','252'),
('253','ÖZEL ÜSKÜDAR ANADOLU HASTANESÝ','253'),
('254','ÖZEL ÜSKÜDAR HOSPÝTALTÜRK HASTANESÝ','254'),
('255','Özel Via Hospital Selimiye Hastanesi (FAALÝYETÝ ASKIDA)','255'),
('256','Özel Yunus Emre Hastanesi','256'),
('257','ÖZEL AVRASYA HASTANESÝ','257'),
('258','ÖZEL ÝSTANBUL BALIKLI RUM HASTANESÝ','258'),
('259','ÖZEL SANTE PLUS HASTANESÝ','259'),
('260','Özel Yedikule Surp Pýrgiç Ermeni Hastanesi','260');




































































